1,0, drwxr-xr-x,bob,bob,4096,DIR,2018-06-23 19:15:00,2018-08-18 09:05:00,linux,0
2,1,drwxr-xr-x,bob,bob,4096,DIR,2017-06-27 01:02:00,2017-10-05 06:02:00,drivers,0
3,2,drwxr-xr-x,bob,bob,4096,DIR,2021-10-19 15:58:00,2021-11-13 10:21:00,perfctr,0
4,3,-rw-r--r--,mia,mia,59412,file,2020-02-20 10:42:00,2021-05-26 23:26:00,.global.c,1
5,3,-rw-r--r--,jon,jon,70088,file,2016-07-26 12:23:00,2017-08-24 07:09:00,.init.c,1
6,3,-rw-r--r--,bob,bob,31317,file,2018-10-10 23:47:00,2019-04-10 14:48:00,virtual_stub.c,0
7,3,-rw-r--r--,pat,pat,19445,file,2018-01-15 16:15:00,2018-11-03 06:47:00,x86.c,0
8,3,-rw-r--r--,pat,pat,43326,file,2018-10-27 00:39:00,2019-09-07 06:40:00,x86_setup.c,0
9,3,-rw-r--r--,bob,bob,78706,file,2016-06-06 10:00:00,2016-06-23 14:34:00,x86_tests.c,0
10,0,drwxr-xr-x,mia,mia,4096,DIR,2016-08-30 04:50:00,2017-04-19 10:10:00,win2k,0
11,10,drwxr-xr-x,mia,mia,4096,DIR,2020-08-13 21:18:00,2021-07-04 22:32:00,shell,0
12,11,-rw-r--r--,mia,mia,64154,file,2019-05-13 04:13:00,2020-02-06 15:38:00,PAPI_Errors.c,0
13,11,-rw-r--r--,mia,mia,49325,file,2016-10-24 15:45:00,2017-01-31 02:44:00,StdAfx.c,0
14,11,-rw-r--r--,mia,mia,83199,file,2015-04-24 06:19:00,2015-10-05 06:32:00,test_get_cycles.c,0
15,11,-rw-r--r--,mia,mia,19648,file,2018-01-18 20:54:00,2019-04-23 06:14:00,winpapi_console.c,0
16,11,-rw-r--r--,mia,mia,58397,file,2017-01-06 11:26:00,2017-05-30 03:03:00,WinPAPIShell.c,0
17,10,drwxr-xr-x,mia,mia,4096,DIR,2020-11-18 16:16:00,2021-03-16 15:28:00,substrate,0
18,17,-rw-r--r--,mia,mia,123,file,2019-12-23 23:43:00,2020-09-28 00:04:00,cpuinfo.c,0
19,17,-rw-r--r--,mia,mia,22928,file,2016-03-20 22:36:00,2017-07-13 05:11:00,.win32.c,1
20,10,drwxr-xr-x,mia,mia,4096,DIR,2016-05-06 03:30:00,2016-05-28 21:16:00,winpmc,0
21,20,-rw-r--r--,mia,mia,71996,file,2020-10-20 19:26:00,2021-06-18 13:52:00,pmclib.c,0
22,20,-rw-r--r--,mia,mia,57172,file,2018-06-01 00:49:00,2019-03-30 07:29:00,pmc_x86.c,0
23,20,-rw-r--r--,mia,mia,72832,file,2019-02-13 07:37:00,2019-03-22 10:01:00,WinPMC.c,0
24,10,drwxr-xr-x,mia,mia,4096,DIR,2020-06-05 21:51:00,2021-02-04 08:24:00,tools,0
25,24,drwxr-xr-x,mia,mia,4096,DIR,2017-08-28 01:25:00,2018-08-16 21:59:00,papiex,0
26,25,drwxr-xr-x,mia,mia,4096,DIR,2019-04-26 20:57:00,2020-06-23 04:33:00,src,0
27,26,-rw-r--r--,mia,mia,66225,file,2019-05-25 09:10:00,2019-09-13 04:55:00,eventinfo.c,0
28,26,-rw-r--r--,mia,mia,63410,file,2020-03-28 08:01:00,2020-05-27 22:41:00,main.c,0
29,26,-rw-r--r--,mia,mia,85709,file,2019-01-01 00:22:00,2019-10-05 16:58:00,papiex.c,0
30,25,drwxr-xr-x,mia,mia,4096,DIR,2022-11-16 14:46:00,2023-10-07 20:57:00,tests,0
31,30,drwxr-xr-x,mia,mia,4096,DIR,2023-01-09 15:25:00,2023-07-20 09:15:00,src,0
32,31,-rw-r--r--,mia,mia,37447,file,2017-02-10 03:59:00,2017-12-25 03:56:00,abort.c,0
33,31,-rw-r--r--,mia,mia,77786,file,2020-08-26 18:42:00,2021-05-11 07:13:00,assert.c,0
34,24,drwxr-xr-x,mia,mia,4096,DIR,2022-01-24 06:12:00,2023-05-18 11:01:00,papinfo,0
35,34,drwxr-xr-x,mia,mia,4096,DIR,2023-05-16 22:09:00,2024-09-16 22:41:00,src,0
36,35,-rw-r--r--,mia,mia,78953,file,2021-03-06 03:17:00,2021-11-25 04:20:00,main.c,0
37,24,drwxr-xr-x,mia,mia,4096,DIR,2015-02-14 20:25:00,2016-02-06 19:51:00,trapper,0
38,37,-rw-r--r--,mia,mia,19980,file,2015-05-14 09:51:00,2016-04-27 16:06:00,process_trap.c,0
39,37,-rw-r--r--,mia,mia,17706,file,2018-12-02 04:43:00,2019-05-19 21:15:00,pthread_trap_create.c,0
40,37,-rwxr-xr-x,mia,mia,4096,DIR,2018-12-11 13:25:00,2019-11-04 11:41:00,tests,0
41,40,-rw-r--r--,mia,mia,99026,file,2022-06-21 06:14:00,2022-08-16 12:30:00,dumbtime.c,0
42,40,-rw-r--r--,mia,mia,89701,file,2023-07-20 17:39:00,2023-09-23 19:24:00,test5.c,0
43,0,drwxr-xr-x,raj,raj,4096,DIR,2015-10-11 05:21:00,2017-01-30 15:14:00,winpmc,0
44,43,-rw-r--r--,raj,raj,89268,file,2020-04-09 16:57:00,2020-08-09 10:52:00,pmclib.c,0
45,43,-rw-r--r--,raj,raj,69331,file,2023-03-25 17:19:00,2024-05-17 04:13:00,pmc_x86.c,0
46,43,-rw-r--r--,raj,raj,38208,file,2016-10-28 07:42:00,2017-11-03 16:28:00,.WinPMC.c,1
